id,name,emailId,mobile,password,address,status
1,Rahim King,diam@lacusvestibulumlorem.org,7573422351,DRZ01IRW3LF,8731 Sit Street,2
2,Ishmael Alston,nonummy.ut.molestie@Sed.net,6476076321,NDK61HKO6YF,4944 Etiam Rd.,1
3,Lucian Armstrong,Integer.vitae.nibh@elementum.edu,7579724270,QYA42LDY6RY,297-471 Per St.,1
4,Reese Todd,sit.amet.dapibus@necurnasuscipit.co.uk,4329748089,BNI08IQE6TI,5199 Consectetuer Avenue,1
5,Kenneth Keith,Proin.nisl.sem@nequevitaesemper.ca,6889209579,ODD97EUU1MB,5669 Nulla Av.,1
6,Dieter Johnson,Nullam.nisl.Maecenas@tellusfaucibus.ca,2284899313,WDT26SGQ2JL,218 Aliquet Road,1
7,Kenyon Faulkner,risus.Donec@necante.edu,8918175596,EAL17XDI6KV,Ap #608-2257 Hendrerit Road,1
8,Abdul Poole,Quisque.purus@dapibusid.org,8268096365,MPA02FIP9XZ,Ap #165-2073 Nulla Rd.,2
9,Mannix Griffin,dapibus@dignissim.com,3654709486,DVW84OFR9CJ,6380 Imperdiet Avenue,2
10,Hedley Hill,mauris.rhoncus@eulacusQuisque.net,2747419101,QHW90AJE4OH,"P.O. Box 941, 3811 Fringilla Rd.",2
11,Hasad Cooke,Proin@lacusCrasinterdum.co.uk,1108157346,SPM96QYX0ML,9575 Eget Rd.,2
12,Knox Love,orci@odioPhasellus.org,3491559516,MIO03NLY5LZ,447-1047 Enim. Rd.,2
13,Leo Lamb,laoreet@atvelitCras.net,6132272639,LUB24TZG6TI,616 Lectus Rd.,2
14,Nolan Bush,euismod.enim@nisl.org,3364432235,OZA66BWF5SL,"P.O. Box 170, 8969 Eu Rd.",1
15,Zane Blackwell,nonummy@diameudolor.org,6402064852,NEK90VMH4CX,Ap #299-4008 Tellus Avenue,2
16,Salvador Valentine,Curabitur.dictum.Phasellus@in.net,9839965345,IYX65XLJ5RS,9102 Nulla Road,1
17,Connor Donovan,Nullam.scelerisque@vel.com,5833266530,DXG16NXC9HH,"P.O. Box 122, 102 Amet Av.",1
18,Coby Gillespie,nisi.Mauris@euismodacfermentum.edu,1885885503,JMJ58RCY1HP,2118 Dolor. Av.,1
19,Ross Wilson,magna.Sed.eu@Inmipede.edu,2561465154,LIU71SVG0QX,5784 Sagittis. St.,1
20,Grant Durham,malesuada.Integer.id@nostraper.org,9957864555,DSB66BEG3OT,"P.O. Box 200, 7906 Eros. Ave",2
21,Cairo Robertson,ante@eratvolutpat.org,9292149371,GXO38KRB1OS,"P.O. Box 286, 8551 Libero Avenue",1
22,Ryan Wilson,enim.mi.tempor@Aenean.co.uk,7445402549,YXA73JFD6KO,2600 Sociis Ave,1
23,Leroy Marsh,nunc.ac.mattis@Aliquam.net,1034466041,JGE20EHV7XM,604-1820 Cubilia Rd.,2
24,Thaddeus Beasley,nisi.sem.semper@inceptos.net,8963227246,FAX24JNH1CO,174-8134 Euismod Av.,1
25,Benjamin Lloyd,imperdiet.non@Cras.net,5368292227,AQY10VDU0MO,5007 Risus. St.,2
26,Arsenio Preston,amet.orci.Ut@sitamet.org,7179390846,MHL21ARD0GS,"Ap #285-634 Amet, Road",1
27,Erasmus Calhoun,sem@etpedeNunc.edu,2921118646,BAJ22ESH3UU,"672-9123 Imperdiet, Rd.",1
28,Blake Harrell,nec.tellus.Nunc@sit.net,8116552671,OWO76CXM8CE,995 Ac Street,1
29,Mohammad Hogan,ac.mattis.ornare@dictumplacerat.ca,9977477107,CSR28UMG8TH,Ap #542-8118 Cras Ave,2
30,Honorato Gray,rutrum.lorem.ac@odiovelest.edu,9746896573,YSI75KES9WN,"P.O. Box 272, 4165 Euismod Street",2
31,Colton Pruitt,vitae.purus@Pellentesque.net,1357982076,COO24GPM1NS,"P.O. Box 110, 2584 Aliquet Av.",1
32,Jackson Horne,nisi.magna@dictum.org,4666321857,JOG70JLJ0RF,"P.O. Box 510, 8056 Faucibus Avenue",2
33,Isaac Jenkins,eget.varius@urnaNunc.ca,9735665423,DNH32FDS4OV,Ap #412-1162 Dolor St.,2
34,Aidan Martinez,urna@euaccumsansed.org,7778886817,ELX10DWT1BC,1359 Nisl. Road,2
35,Chase Travis,purus.ac@justoPraesent.org,9361550054,KXT90DBR5BS,676 Magna. Avenue,1
36,Ashton Roth,dis@erat.com,8859448365,ZZH94QXQ9OW,"9266 Eget, Road",2
37,Zahir Hogan,cubilia.Curae.Phasellus@Donec.ca,7587581826,LTR27DOT6YN,413-3240 Varius St.,2
38,Keane Whitehead,dictum.augue.malesuada@pede.org,3751935112,IWJ64BHT4FE,"P.O. Box 151, 8470 In Ave",2
39,Colt Bennett,Aenean.euismod@Proinvelarcu.org,3156764369,EUO85ADI3OK,218-5295 Dolor Avenue,2
40,Sylvester Blanchard,Morbi.vehicula.Pellentesque@orci.net,7202920123,LOR49IUA0MW,Ap #828-3436 Vitae St.,1
41,Zachery Wright,tempor.arcu@loremac.com,9153753838,ZOK65OWD6BN,Ap #147-4350 Vivamus Rd.,1
42,Graiden Frost,at.lacus.Quisque@interdum.net,3866401094,TBP45WUO0NO,Ap #495-7260 Viverra. Rd.,1
43,Gray Kidd,vel.nisl.Quisque@pharetrafeliseget.co.uk,3382122591,GNB66XNC0RU,"P.O. Box 125, 9996 Aliquet Road",2
44,Carl Schneider,tellus.non.magna@Namac.edu,9243838024,LYI09EYS5MV,"423 Ornare, Ave",1
45,Quinlan Thornton,sem.mollis.dui@semNullainterdum.ca,4143054793,VAM18CHG7FF,Ap #741-6071 Eget Rd.,1
46,Benedict Bennett,ligula@turpisnecmauris.co.uk,8842231154,TYA69PIF8IG,4515 Faucibus Avenue,2
47,Porter Powers,pede@necmollis.com,7614178139,ADO11TMI3NW,3186 Quis Road,2
48,Devin Arnold,ipsum.primis.in@ligulaNullamenim.ca,9488699142,ZFP08TUH3ZX,Ap #284-3387 Nascetur Rd.,1
49,Keane Wilder,vel@ametrisusDonec.net,6089031559,SUL56MRM4DD,"P.O. Box 176, 4457 Nisi Rd.",2
50,Gary Hale,erat.volutpat.Nulla@odio.org,1276694724,YPN72DRP1KA,"8833 Non, Rd.",2
51,Marvin Willis,egestas@porttitor.net,2514181727,RPB69SBR2YA,899-198 Lorem. Avenue,1
52,Lane Skinner,Integer.tincidunt@turpisnon.ca,8197444217,QBM47NXB7IB,8750 Luctus. St.,2
53,Gannon Park,vitae@tortor.ca,7236472996,HPD09BFM1HA,"930-2243 Elit, Ave",2
54,Galvin Cabrera,tristique.neque.venenatis@nec.net,5633307632,KOK67FQW0JK,Ap #474-6682 Nam Ave,2
55,Fuller Mcpherson,ornare.tortor.at@nuncest.co.uk,7272362285,DYH31YYS3RV,"P.O. Box 555, 7243 Nunc Av.",2
56,Tad Gibson,sit.amet@nisi.edu,6089152483,DWG44TVG1YX,4479 Aliquet. St.,1
57,Lane Hendricks,mi@liberoMorbi.com,8417866327,QRX92ZLD2QG,939-4994 Sapien. Street,1
58,Hall Ochoa,hendrerit.consectetuer.cursus@adipiscinglacusUt.org,3645868740,JUQ17GWB1VZ,"P.O. Box 132, 4296 Natoque Street",2
59,Gavin Stuart,lacus.Quisque@non.ca,8912251849,EFS62BGJ3TN,529-5523 Tristique Avenue,1
60,Nero Marks,ut.nisi@odiovelest.com,9908993759,UFI65LEH9BV,Ap #282-2830 Interdum Street,1
61,Griffin Garner,est@nonjusto.com,5139596300,MUB21FZN9QA,"P.O. Box 618, 4284 Ac Av.",2
62,Cruz Bradley,ut@ametrisusDonec.co.uk,2506552131,PPQ76KLN6WN,828-8040 At Rd.,1
63,Herman Valentine,Sed@liberoProin.edu,4045495390,XXC13GNT2FO,889 Nunc Ave,2
64,Blaze Knapp,pharetra.sed.hendrerit@ut.ca,9314670465,RHQ21MEM4SP,6967 Metus. Avenue,1
65,Berk Fleming,ac@aliquetdiam.org,2952693017,HSR64DPU9LD,"P.O. Box 721, 7986 Vivamus Ave",1
66,Keegan Wells,Sed.eget.lacus@Crasvulputate.com,6013579860,VIY37EMZ5NK,Ap #999-8501 Faucibus Rd.,2
67,Harding Myers,nec.imperdiet@nec.com,7473895287,ECS67YME2AA,Ap #303-5749 Ac Av.,1
68,Amal Forbes,adipiscing@nonlobortisquis.com,2654727283,EYT67DWH8GG,"P.O. Box 939, 1747 Dolor Rd.",1
69,Alfonso Young,lorem.lorem.luctus@etrutrum.edu,4264890047,KDD76BJE6VQ,Ap #709-7827 Mauris. St.,1
70,Jared Sims,Suspendisse@iaculis.com,4884793100,AST15SYB4XP,"P.O. Box 671, 5507 Mauris Rd.",1
71,James Gay,pede.blandit.congue@atlacusQuisque.edu,4544452092,YDW03SBB2CG,992-2827 Nunc Rd.,1
72,Thane Mckee,et.magnis.dis@Pellentesqueultriciesdignissim.com,8644613489,KUC72BKS3AJ,Ap #362-1797 Iaculis St.,2
73,Owen Allison,ridiculus.mus@nascetur.com,3203202071,RVM33SHC6XF,Ap #795-8901 Gravida St.,2
74,Mufutau Sanchez,Etiam.bibendum.fermentum@porttitorscelerisque.edu,2058155641,EMX43NMT1RD,Ap #222-2918 Aliquam Rd.,2
75,Ryder George,Class.aptent.taciti@erat.org,4589919563,WBT79BIR4XV,730-4422 Aliquam Road,2
76,Bradley French,a@ipsumac.ca,4933427878,VAS27FCK7AI,"P.O. Box 503, 244 A Avenue",1
77,John Benson,ipsum@et.com,7796079560,WRV74REQ8CD,"P.O. Box 973, 8604 Non, Road",2
78,Simon Dunlap,convallis@at.net,3581091829,FKY55ECQ3MQ,699 Volutpat Rd.,2
79,Sean Wilson,lorem.sit.amet@leoelementumsem.ca,6462606339,AEE22CNN9CD,Ap #852-9281 Eget Rd.,2
80,Wesley Noble,ac.risus@dictumauguemalesuada.co.uk,4428681267,YTU98EJS5VE,9030 Non Road,1
81,Caesar Wilkerson,sapien.imperdiet.ornare@eu.net,4095872281,MKK04OCT8YT,Ap #442-760 Suspendisse St.,1
82,Reed Olsen,adipiscing@ametornare.ca,7369898474,FCA34KFV8RW,"P.O. Box 848, 1685 Vitae Road",2
83,Ali Oliver,neque.Morbi.quis@Morbi.edu,5738904760,WXZ35HGJ0JC,8368 Mi Ave,2
84,Ivan Patton,magna@ligulaDonecluctus.ca,2139060924,XRV44JYB9KQ,994-379 Arcu. Road,1
85,Francis Foster,at.risus.Nunc@atvelitCras.com,7076160617,PER84SIB4HQ,"P.O. Box 813, 4279 Amet Rd.",2
86,Aidan Morrow,Integer.mollis.Integer@eratvel.net,7543882415,EHN06VJA3AC,Ap #588-5063 Eleifend. Ave,1
87,Matthew Crosby,libero@vel.com,7075380665,FID09VEJ3BX,547-4884 Vitae Avenue,1
88,Amery Guzman,egestas@Nam.com,4058658032,QIL48TMM5XH,"757-3648 Lectus, St.",1
89,Bernard Bryan,orci.consectetuer.euismod@eu.co.uk,3009568017,UZK42DQZ6RK,"P.O. Box 480, 3253 Nibh Ave",1
90,Dominic Valdez,odio@Aliquam.co.uk,9817692682,IUD80LIR0DN,Ap #951-6694 Sit Ave,1
91,Daniel Woods,tempor.bibendum.Donec@Vivamuseuismodurna.ca,4583291172,HBS16UFP1DW,"P.O. Box 389, 7084 Molestie Rd.",2
92,Tanek Stephenson,vitae.sodales@cursusetmagna.co.uk,3128491067,CKF04NYR9SC,"Ap #945-6109 Id, St.",2
93,Brennan Rivas,sollicitudin@utaliquam.ca,3841928786,GKQ97OHK4BZ,1653 Eu St.,2
94,Price Branch,Integer.id.magna@dui.net,9647200707,UPF61FJW8SJ,638-8129 Nulla. Av.,2
95,Isaac Mcconnell,semper.erat.in@accumsaninterdum.co.uk,8921889258,RFZ57LZA1NB,326-3597 Sem Avenue,2
96,Raphael Barnett,in.faucibus@quam.net,2995728840,ZZZ48VCS5WJ,Ap #999-4498 Nunc St.,2
97,Dominic Berger,augue@Nuncpulvinar.com,2617951563,FEO83QJX7DK,925-8165 Tempus Road,2
98,Nigel Mejia,leo.Vivamus@adipiscingnon.edu,2386304906,YTU05NUD1TP,Ap #949-7148 Amet Street,1
99,Chancellor Hicks,cursus.in@at.ca,8084181805,NNH97DKT0JA,8422 Risus. St.,2
100,Yuli Burks,eu.tellus@rutrumjustoPraesent.net,7624903996,QCT10WFJ9TL,Ap #362-3795 Integer St.,2